,School,Conference,Coach,SchoolPay,TotalPay,Bonus,BonusPaid,Buyout,Rank,Games Won,Games Lost,Games Tied,Games Played,Win_Percent,Fuzzy_Score_Record,match_name_Record,School_Record,Stadium,City,State_x,Capacity,Record1,Built,Expanded,Surface,Conference_Stadium,Capacity_Thousands,Fuzzy_Score_Stadium,match_name_Stadium,School_Stadium,State_y,GSR,FGR,Conference_GradFB,Fuzzy_Score_GradFB,match_name_GradFB,School_FBgrad,Total Revenue,Total Expenses,Total Allocated,FinancialRank,Percent_Allocated,Conference_Finance,Fuzzy_Score_finance,match_name_finance,School_finance
0,Air Force,Mt. West,Troy Calhoun,885000,885000,247000,--,--,81t,4,8,0,12,0.33333,100,Air Force,Air Force,,,,,,,,,,,,,,,,,,,,,59577780,50112617,33339247,55,55.96,Mt. West,100,Air Force,Air Force
1,Akron,MAC,Terry Bowden,411000,412500,225000,50000,"$688,500 ",72t,5,7,0,12,0.41667,100,Akron,Akron,InfoCision Stadium–Summa Field,Akron,OH,30000,27881,2009,,ProGrass Artificial Turf,MAC,30,100,Akron,Akron,OH,60,55,MAC,100,Akron,Akron,35331217,33895809,24641163,81,69.74,MAC,100,Akron,Akron
2,Alabama,SEC,Nick Saban,8307000,8307000,1100000,500000,"$33,600,000 ",117t,0,7,0,7,0,100,Alabama,Alabama,Bryant–Denny Stadium,Tuscaloosa,AL,101821,101821,1929,2010,Grass,SEC,101.821,100,Alabama,Alabama,AL,44,46,SEC,100,Alabama,Alabama,174307419,158646962,2938948,5,1.69,SEC,100,Alabama,Alabama
3,Alabama at Birmingham,C-USA,Bill Clark,900000,900000,950000,165471,"$3,847,500 ",,,,,,,,,,,,,,,,,,,,,,,AL,47,47,C-USA,100,Alabama at Birmingham,Alabama at Birmingham,24795218,23803547,15480428,124,62.43,C-USA,100,Alabama at Birmingham,Alabama at Birmingham
4,Appalachian State,Sun Belt,Scott Satterfield,712500,712500,295000,145000,"$2,160,417 ",,,,,,,,,,Kidd Brewer Stadium,Boone,NC,30000,35126,1962,2017,FieldTurf,Sun Belt,30,100,Appalachian State,Appalachian State,,,,,,,,35058621,35065566,21257458,82,60.63,Sun Belt,100,Appalachian State,Appalachian State
5,Arizona,Pac-12,Kevin Sumlin,1600000,2000000,2025000,--,"$10,000,000 ",60t,6,6,0,12,0.5,100,Arizona,Arizona,Arizona Stadium,Tucson,AZ,56029,59920,1928,1988,FieldTurf,Pac-12,56.029,100,Arizona,Arizona,AZ,39,33,Pac-12,100,Arizona,Arizona,90976758,91756963,10069281,41,11.07,Pac-12,100,Arizona,Arizona
6,Arizona State,Pac-12,Herm Edwards,2000000,2000000,3010000,--,"$8,166,667 ",50t,7,6,0,13,0.53846,100,Arizona State,Arizona State,Sun Devil Stadium Frank Kush Field,Tempe,AZ,56232,74963,1958,2016,Bermuda Grass,Pac-12,56.232,100,Arizona State,Arizona State,AZ,56,53,Pac-12,100,Arizona State,Arizona State,101579860,98825395,18866371,30,18.57,Pac-12,100,Arizona State,Arizona State
7,Arkansas,SEC,Chad Morris,3500000,3500000,1000000,--,"$12,500,000 ",22t,10,4,0,14,0.71429,100,Arkansas,Arkansas,Donald W. Reynolds Razorback Stadium Frank Broyles Field,Fayetteville,AR,72000,76808,1938,2006,PowerBlade HP,SEC,72,100,Arkansas,Arkansas,,,,,,,,129680808,112902474,0,19,0,SEC,100,Arkansas,Arkansas
8,Arkansas State,Sun Belt,Blake Anderson,825000,825000,185000,25000,"$300,000 ",60t,6,6,0,12,0.5,100,Arkansas State,Arkansas State,Centennial Bank Stadium,Jonesboro,AR,30964,31243,1974,2002,ProGreen,Sun Belt,30.964,100,Arkansas State,Arkansas State,AR,59,41,Sun Belt,100,Arkansas State,Arkansas State,39459027,39459027,12624293,73,31.99,Sun Belt,100,Arkansas State,Arkansas State
9,Army,Ind.,Jeff Monken,932521,932521,--,--,--,98t,3,9,0,12,0.25,100,Army,Army,,,,,,,,,,,,,,,,,,,,,,,,,,,,,
10,Auburn,SEC,Gus Malzahn,6700000,6705656,1400000,375000,"$32,143,750 ",6t,11,2,0,13,0.84615,100,Auburn,Auburn,Pat Dye Field at Jordan–Hare Stadium,Auburn,AL,87451,87451,1939,2004,Grass,SEC,87.451,100,Auburn,Auburn,AL,63,56,SEC,100,Auburn,Auburn,147511034,132885979,3633521,10,2.46,SEC,100,Auburn,Auburn
11,Ball State,MAC,Mike Neu,435689,435689,380000,30000,"$980,300 ",72t,5,7,0,12,0.41667,100,Ball State,Ball State,Scheumann Stadium,Muncie,IN,22500,23861,1967,2007,FieldTurf,MAC,22.5,100,Ball State,Ball State,IN,88,78,MAC,100,Ball State,Ball State,26098565,27410745,19402097,120,74.34,MAC,100,Ball State,Ball State
12,Boise State,Mt. West,Bryan Harsin,1650010,1650010,475000,145000,"$7,784,038 ",1,13,0,0,13,1,100,Boise State,Boise State,,,,,,,,,,,,,,,,,,,,,45486486,45456789,12615561,68,27.73,Mt. West,100,Boise State,Boise State
13,Boston College,ACC,Steve Addazio,2514859,2514859,--,--,--,17t,10,3,0,13,0.76923,100,Boston College,Boston College,Alumni Stadium,Chestnut Hill,MA,44500,44500,1957,1995,AstroTurf,ACC,44.5,100,Boston College,Boston College,MA,96,91,ACC,100,Boston College,Boston College,,,,,,,,,
14,Bowling Green,MAC,Mike Jinks,437228,437228,245000,81250,"$874,456 ",81t,4,8,0,12,0.33333,100,Bowling Green,Bowling Green,Doyt L. Perry Stadium,Bowling Green,OH,24000,33527,1966,,FieldTurf,MAC,24,100,Bowling Green,Bowling Green,OH,75,54,MAC,81,Bowling Green,Bowling Green State,25303291,23753571,15882246,123,62.77,MAC,100,Bowling Green,Bowling Green
15,Buffalo,MAC,Lance Leipold,455500,455500,381000,0,"$1,020,833 ",107t,2,10,0,12,0.16667,100,Buffalo,Buffalo,UB Stadium,Amherst,NY,29013,29795 ,1993,,A-Turf Titan,MAC,29.013,100,Buffalo,Buffalo,,,,,,,,35892221,35883884,25628422,80,71.4,MAC,100,Buffalo,Buffalo
16,California,Pac-12,Justin Wilcox,1500000,1500000,900000,75000,"$7,208,500 ",17t,10,3,0,13,0.76923,100,California,California,California Memorial Stadium,Berkeley,CA,62717,83000,1923,2012,FieldTurf,Pac-12,62.717,100,California,California,,,,,,,,90976576,106959739,0,42,0,Pac-12,100,California,California
17,Central Florida,AAC,Josh Heupel,1700000,1700000,250000,--,"$3,587,500 ",81t,4,8,0,12,0.33333,100,Central Florida,Central Florida,,,,,,,,,,,,,,,,,,,,,56327225,56327225,27661927,57,49.11,AAC,100,Central Florida,Central Florida
18,Central Michigan,MAC,John Bonamego,655000,655000,415000,45000,"$1,125,000 ",22t,10,4,0,14,0.71429,100,Central Michigan,Central Michigan,Kelly/Shorts Stadium,Mount Pleasant,MI,30255,35127,1972,1997,FieldTurf,MAC,30.255,100,Central Michigan,Central Michigan,MI,70,59,MAC,100,Central Michigan,Central Michigan,34692784,31792125,25077606,83,72.28,MAC,100,Central Michigan,Central Michigan
19,Charlotte,C-USA,Brad Lambert,625000,625000,120000,0,"$556,389 ",,,,,,,,,,McColl–Richardson Field at Jerry Richardson Stadium,Charlotte,NC,15314,19151,2013,,Matrix Artificial Turf,C-USA,15.314,100,Charlotte,Charlotte,,,,,,,,37931802,33246728,25709896,76,67.78,C-USA,100,Charlotte,Charlotte
20,Cincinnati,AAC,Luke Fickell,2000000,2000000,625000,0,"$7,100,000 ",38t,8,5,0,13,0.61538,100,Cincinnati,Cincinnati,,,,,,,,,,,,,,OH,60,63,AAC,100,Cincinnati,Cincinnati,60458195,62804292,26745506,54,44.24,AAC,100,Cincinnati,Cincinnati
21,Clemson,ACC,Dabo Swinney,6205000,6543350,1125000,500000,"$35,000,000 ",38t,8,5,0,13,0.61538,100,Clemson,Clemson,Frank Howard Field at Clemson Memorial Stadium,Clemson,SC,81500,86092,1942,2006,Grass,ACC,81.5,100,Clemson,Clemson,SC,77,59,ACC,100,Clemson,Clemson,112600964,111126235,5472888,26,4.86,ACC,100,Clemson,Clemson
22,Coastal Carolina,Sun Belt,Joe Moglia,400000,400000,800000,25000,"$516,667 ",,,,,,,,,,Brooks Stadium,Conway,SC,20000,,2003,2018,FieldTurf,Sun Belt,20,100,Coastal Carolina,Coastal Carolina,,,,,,,,33703994,33704483,28251293,88,83.82,Sun Belt,100,Coastal Carolina,Coastal Carolina
23,Colorado,Pac-12,Mike MacIntyre,2878500,2878500,2150000,297000,"$10,314,583 ",107t,2,10,0,12,0.16667,100,Colorado,Colorado,Folsom Field,Boulder,CO,50183,54972,1924,2003,Grass,Pac-12,50.183,100,Colorado,Colorado,,,,,,,,94226111,90640627,12577570,38,13.35,Pac-12,100,Colorado,Colorado
24,Colorado State,Mt. West,Mike Bobo,1800000,1800000,905000,50000,"$8,000,000 ",81t,4,8,0,12,0.33333,100,Colorado State,Colorado State,,,,,,,,,,,,,,CO,57,48,Mt. West,100,Colorado State,Colorado State,44672317,43965622,23265238,69,52.08,Mt. West,100,Colorado State,Colorado State
25,Connecticut,AAC,Randy Edsall,1100000,1100000,650000,129000,"$1,000,000 ",81t,4,8,0,12,0.33333,100,Connecticut,Connecticut,,,,,,,,,,,,,,CT,76,55,AAC,100,Connecticut,Connecticut,83374223,83121820,42227612,49,50.65,AAC,100,Connecticut,Connecticut
26,Duke,ACC,David Cutcliffe,2540928,2540928,--,--,--,117t,0,12,0,12,0,100,Duke,Duke,Brooks Field at Wallace Wade Stadium,Durham,NC,40000,57500,1929,2016,Latitude 36 Bermuda Grass,ACC,40,100,Duke,Duke,NC,93,86,ACC,100,Duke,Duke,,,,,,,,,
27,East Carolina,AAC,Scottie Montgomery,1102500,1102500,850000,0,"$1,233,333 ",50t,7,6,0,13,0.53846,100,East Carolina,East Carolina,,,,,,,,,,,,,,,,,,,,,48312311,48387287,19739500,61,40.86,AAC,100,East Carolina,East Carolina
28,Eastern Michigan,MAC,Chris Creighton,460000,460000,395000,10000,"$950,000 ",113t,1,11,0,12,0.08333,100,Eastern Michigan,Eastern Michigan,Rynearson Stadium,Ypsilanti,MI,30200,26188,1969,1992,FieldTurf,MAC,30.2,100,Eastern Michigan,Eastern Michigan,MI,55,62,MAC,100,Eastern Michigan,Eastern Michigan,32311247,32311246,23109498,92,71.52,MAC,100,Eastern Michigan,Eastern Michigan
29,Florida,SEC,Dan Mullen,6070000,6070000,925000,--,"$12,000,000 ",2,13,1,0,14,0.92857,100,Florida,Florida,Steve Spurrier-Florida Field at Ben Hill Griffin Stadium,Gainesville,FL,88548,90916,1930,2003,Grass,SEC,88.548,100,Florida,Florida,FL,80,42,SEC,100,Florida,Florida,149165475,131789499,1567806,8,1.05,SEC,100,Florida,Florida
30,Florida Atlantic,C-USA,Lane Kiffin,1000000,1000000,1150000,40000,"$2,850,000 ",72t,5,7,0,12,0.41667,100,Florida Atlantic,Florida Atlantic,FAU Stadium,Boca Raton,FL,30000,29103,2011,,Celebration Bermuda Grass,C-USA,30,100,Florida Atlantic,Florida Atlantic,,,,,,,,34509259,34102683,23953161,84,69.41,C-USA,100,Florida Atlantic,Florida Atlantic
31,Florida International,C-USA,Butch Davis,945000,945000,550000,35000,"$3,185,626 ",117t,0,12,0,12,0,100,Florida International,Florida International,,,,,,,,,,,,,,,,,,,,,33389929,33003699,24028758,89,71.96,C-USA,100,Florida International,Florida International
32,Florida State,ACC,Willie Taggart,5000000,5000000,1475000,--,"$21,958,333 ",98t,2,6,0,8,0.25,100,Florida State,Florida State,Bobby Bowden Field at Doak S. Campbell Stadium,Tallahassee,FL,79560,84409,1950,2003,Grass,ACC,79.56,100,Florida State,Florida State,FL,52,42,ACC,100,Florida State,Florida State,144514413,143373261,7446443,13,5.15,ACC,100,Florida State,Florida State
33,Fresno State,Mt. West,Jeff Tedford,1550000,1550000,2765000,1240000,"$5,440,000 ",81t,4,8,0,12,0.33333,100,Fresno State,Fresno State,,,,,,,,,,,,,,,,,,,,,46215249,44119522,20634658,66,44.65,Mt. West,100,Fresno State,Fresno State
34,Georgia,SEC,Kirby Smart,6603600,6603600,1150000,1350000,"$27,917,500 ",26t,9,4,0,13,0.69231,100,Georgia,Georgia,Sanford Stadium,Athens,GA,92746,92746 ,1929,2004,Grass,SEC,92.746,100,Georgia,Georgia,GA,40,39,SEC,100,Georgia,Georgia,157852479,119218908,3273422,6,2.07,SEC,100,Georgia,Georgia
35,Georgia Southern,Sun Belt,Chad Lunsford,650000,650000,295000,--,"$83,333 ",,,,,,,,,,Allen E. Paulson Stadium,Statesboro,GA,25000,25735,1984,2014,Shaw Legion 41 Synthetic Turf,Sun Belt,25,100,Georgia Southern,Georgia Southern,,,,,,,,28895052,28761605,16747677,105,57.96,Sun Belt,100,Georgia Southern,Georgia Southern
36,Georgia State,Sun Belt,Shawn Elliott,569000,569000,220000,60000,"$1,500,000 ",,,,,,,,,,Georgia State Stadium,Atlanta,GA,25000,24333,1996,2017,Artificial Turf,Sun Belt,25,100,Georgia State,Georgia State,,,,,,,,30230203,29859420,22423489,101,74.18,Sun Belt,100,Georgia State,Georgia State
37,Georgia Tech,ACC,Paul Johnson,3060018,3060018,1330000,225000,"$4,000,000 ",34t,9,5,0,14,0.64286,100,Georgia Tech,Georgia Tech,Bobby Dodd Stadium at Historic Grant Field,Atlanta,GA,55000,60316,1913,2003,Bermuda Grass,ACC,55,100,Georgia Tech,Georgia Tech,,,,,,,,81762024,84852123,7651426,51,9.36,ACC,100,Georgia Tech,Georgia Tech
38,Hawaii,Mt. West,Nick Rolovich,425004,486504,1260000,0,"$300,000 ",14t,11,3,0,14,0.78571,100,Hawaii,Hawaii,,,,,,,,,,,,,,,,,,,,,,,,,,,,,
39,Houston,AAC,Major Applewhite,1750000,1750000,782500,20000,"$2,112,500 ",22t,10,4,0,14,0.71429,100,Houston,Houston,,,,,,,,,,,,,,,,,,,,,57174900,55277308,25703451,56,44.96,AAC,100,Houston,Houston
40,Illinois,Big Ten,Lovie Smith,5000000,5000000,1000000,50000,"$12,636,991 ",107t,2,10,0,12,0.16667,100,Illinois,Illinois,Memorial Stadium,Champaign,IL,60670,78297,1923,2011,FieldTurf,Big Ten,60.67,100,Illinois,Illinois,,,,,,,,97447731,100739817,3281700,33,3.37,Big Ten,100,Illinois,Illinois
41,Indiana,Big Ten,Tom Allen,1830000,1830000,1441668,0,"$2,000,000 ",72t,5,7,0,12,0.41667,100,Indiana,Indiana,Memorial Stadium,Bloomington,IN,52959,56223,1960,2010,FieldTurf Revolution 360,Big Ten,52.959,100,Indiana,Indiana,,,,,,,,106139192,106131819,2569044,28,2.42,Big Ten,100,Indiana,Indiana
42,Iowa,Big Ten,Kirk Ferentz,4700000,4700000,2875000,600000,"$22,396,250 ",69t,6,7,0,13,0.46154,100,Iowa,Iowa,Kinnick Stadium,Iowa City,IA,70585,70585,1929,2006,FieldTurf,Big Ten,70.585,100,Iowa,Iowa,IA,65,56,Big Ten,100,Iowa,Iowa,130681467,128869211,650000,18,0.5,Big Ten,100,Iowa,Iowa
43,Iowa State,Big 12,Matt Campbell,3500000,3500000,750000,650000,"$19,291,667 ",81t,4,8,0,12,0.33333,100,Iowa State,Iowa State,Jack Trice Stadium,Ames,IA,61500,61500,1975,2015,Grass,Big 12,61.5,100,Iowa State,Iowa State,IA,52,58,Big 12,100,Iowa State,Iowa State,82659447,82565176,2133219,50,2.58,Big 12,100,Iowa State,Iowa State
44,Kansas,Big 12,David Beaty,1701109,1701109,2000000,0,"$3,000,000 ",60t,6,6,0,12,0.5,100,Kansas,Kansas,David Booth Kansas Memorial Stadium,Lawrence,KS,50071,52530,1921,1999,Synthetic Turf,Big 12,50.071,100,Kansas,Kansas,KS,51,48,Big 12,100,Kansas,Kansas,95251461,94709233,1920908,36,2.02,Big 12,100,Kansas,Kansas
45,Kansas State,Big 12,Bill Snyder,3500000,3500000,580000,50000,"$3,000,000 ",50t,7,6,0,13,0.53846,100,Kansas State,Kansas State,Bill Snyder Family Football Stadium,Manhattan,KS,50000,53811,1968,2005,Synthetic Turf,Big 12,50,100,Kansas State,Kansas State,KS,76,63,Big 12,100,Kansas State,Kansas State,86081528,73970354,450000,45,0.52,Big 12,100,Kansas State,Kansas State
46,Kent State,MAC,Sean Lewis,440000,440000,406000,--,"$1,150,000 ",,,,,,,,,,Dix Stadium,Kent,OH,25000,27363,1969,2008,FieldTurf,MAC,25,100,Kent State,Kent State,OH,83,76,MAC,100,Kent State,Kent State,28837710,29504048,18657839,106,64.7,MAC,100,Kent State,Kent State
47,Kentucky,SEC,Mark Stoops,4000000,4013600,3100000,300000,"$15,625,000 ",38t,8,5,0,13,0.61538,100,Kentucky,Kentucky,Kroger Field at C.M. Newton Grounds,Lexington,KY,61000,71024,1973,2015,Artificial Turf,SEC,61,100,Kentucky,Kentucky,KY,55,39,SEC,100,Kentucky,Kentucky,130706744,125333866,0,17,0,SEC,100,Kentucky,Kentucky
48,Liberty,Ind.,Turner Gill,947281,947281,--,--,--,,,,,,,,,,,,,,,,,,,,,,,,,,,,,,,,,,,,,,
49,Louisiana Tech,C-USA,Skip Holtz,700000,700000,395000,0,"$2,508,333 ",106,3,10,0,13,0.23077,100,Louisiana Tech,Louisiana Tech,Joe Aillet Stadium,Ruston,LA,28109,28714,1968,2017,FieldTurf,C-USA,28.109,100,Louisiana Tech,Louisiana Tech,,,,,,,,24722695,23828481,10687030,125,43.23,C-USA,100,Louisiana Tech,Louisiana Tech
50,Louisiana-Lafayette,Sun Belt,Billy Napier,850000,850000,435000,--,"$2,671,875 ",60t,6,6,0,12,0.5,100,Louisiana-Lafayette,Louisiana-Lafayette,,,,,,,,,,,,,,LA,61,53,Sun Belt,88,Louisiana-Lafayette,Louisiana at Lafayette,28326919,27408419,12800374,109,45.19,Sun Belt,100,Louisiana-Lafayette,Louisiana-Lafayette
51,Louisiana-Monroe,Sun Belt,Matt Viator,390000,390000,50000,0,"$175,000 ",81t,4,8,0,12,0.33333,100,Louisiana-Monroe,Louisiana-Monroe,JPS Field at Malone Stadium,Monroe,LA,30427,31175,1978,1993,FieldTurf,Sun Belt,30.427,100,Louisiana-Monroe,Louisiana-Monroe,LA,66,52,Sun Belt,86,Louisiana-Monroe,Louisiana at Monroe,16132421,15481778,7213515,164,44.71,Sun Belt,100,Louisiana-Monroe,Louisiana-Monroe
52,Louisville,ACC,Bobby Petrino,3980434,3980434,1472917,869917,"$14,056,250 ",3t,12,1,0,13,0.92308,100,Louisville,Louisville,Cardinal Stadium(37),Louisville,KY,61000,55632,1998,2018,FieldTurf,ACC,61,100,Louisville,Louisville,,,,,,,,120445303,118383769,5383718,22,4.47,ACC,100,Louisville,Louisville
53,LSU,SEC,Ed Orgeron,3500000,3500000,1575000,100000,"$5,291,667 ",,,,,,,,,,Tiger Stadium,Baton Rouge,LA,102321,102321,1924,2014,Grass,SEC,102.321,100,LSU,LSU,,,,,,,,147744233,131717421,0,9,0,SEC,100,LSU,LSU
54,Marshall,C-USA,Doc Holliday,762570,762570,145000,55000,"$1,951,708 ",72t,5,7,0,12,0.41667,100,Marshall,Marshall,Joan C. Edwards Stadium,Huntington,WV,38019,41382,1991,2000,FieldTurf,C-USA,38.019,100,Marshall,Marshall,WV,76,65,C-USA,100,Marshall,Marshall,29287471,30342248,14345674,104,48.98,C-USA,100,Marshall,Marshall
55,Maryland,Big Ten,DJ Durkin,2512000,2512000,625000,0,"$5,096,178 ",26t,9,4,0,13,0.69231,100,Maryland,Maryland,Capital One Field at Maryland Stadium,College Park,MD,51802,58973,1950,2009,FieldTurf,Big Ten,51.802,100,Maryland,Maryland,,,,,,,,94881357,94796897,14473659,37,15.25,Big Ten,100,Maryland,Maryland
56,Massachusetts,Ind.,Mark Whipple,500000,500000,305000,20000,"$300,000 ",,,,,,,,,,,,,,,,,,,,,,,,,,,,,,,,,,,,,,
57,Memphis,AAC,Mike Norvell,2600000,2600000,775000,185000,"$7,431,667 ",107t,2,10,0,12,0.16667,100,Memphis,Memphis,,,,,,,,,,,,,,,,,,,,,48716830,48443158,18257221,60,37.48,AAC,100,Memphis,Memphis
58,Miami (Fla.),ACC,Mark Richt,4058061,4058061,--,--,--,,,,,,,,,,,,,,,,,,,,,,,FL,68,65,ACC,81,Miami (Fla.),Miami (Florida),,,,,,,,,
59,Miami (Ohio),MAC,Chuck Martin,524826,524826,582110,12669,"$522,300 ",107t,2,10,0,12,0.16667,82,Miami (Ohio),Miami-Ohio,Fred C. Yager Stadium,Oxford,OH,24286,30087,1983,2005,FieldTurf,MAC,24.286,82,Miami (Ohio),Miami (OH),OH,75,57,MAC,100,Miami (Ohio),Miami (Ohio),37766348,36097843,24693963,77,65.39,MAC,100,Miami (Ohio),Miami (Ohio)
60,Michigan,Big Ten,Jim Harbaugh,7504000,7504000,1325000,150000,"$17,111,110 ",6t,11,2,0,13,0.84615,100,Michigan,Michigan,Michigan Stadium,Ann Arbor,MI,107601,115109,1927,2015,FieldTurf Duraspine,Big Ten,107.601,100,Michigan,Michigan,MI,71,63,Big Ten,100,Michigan,Michigan,185173187,175425392,280647,4,0.15,Big Ten,100,Michigan,Michigan
61,Michigan State,Big Ten,Mark Dantonio,4390417,4390417,650000,125000,"$7,000,000 ",81t,4,8,0,12,0.33333,100,Michigan State,Michigan State,Spartan Stadium,East Lansing,MI,75005,80401,1923,2005,Grass,Big Ten,75.005,100,Michigan State,Michigan State,MI,45,39,Big Ten,100,Michigan State,Michigan State,126021377,117506272,901057,21,0.72,Big Ten,100,Michigan State,Michigan State
62,Middle Tennessee,C-USA,Rick Stockstill,801504,803004,126142,65142,"$6,633,774 ",50t,7,6,0,13,0.53846,84,Middle Tennessee,Middle Tennessee State,"Johnny ""Red"" Floyd Stadium",Murfreesboro,TN,31000,30502,1933,1998,Synthetic Turf,C-USA,31,100,Middle Tennessee,Middle Tennessee,,,,,,,,34040334,34040334,22376798,87,65.74,C-USA,100,Middle Tennessee,Middle Tennessee
63,Minnesota,Big Ten,P.J. Fleck,3550000,3550000,900000,0,"$9,291,667 ",69t,6,7,0,13,0.46154,100,Minnesota,Minnesota,TCF Bank Stadium,Minneapolis,MN,50805,54147,2009,,FieldTurf,Big Ten,50.805,100,Minnesota,Minnesota,,,,,,,,116376862,114201678,14817134,25,12.73,Big Ten,100,Minnesota,Minnesota
64,Mississippi,SEC,Matt Luke,3000000,3000000,1550000,--,$0 ,81t,4,8,0,12,0.33333,100,Mississippi,Mississippi,Vaught–Hemingway Stadium at Hollingsworth Field,Oxford,MS,64038,66176,1915,2016,Grass,SEC,64.038,100,Mississippi,Mississippi,MS,58,49,SEC,100,Mississippi,Mississippi,117834511,108885512,2784879,24,2.36,SEC,100,Mississippi,Mississippi
65,Mississippi State,SEC,Joe Moorhead,2600000,2600000,1350000,--,$0 ,98t,3,9,0,12,0.25,100,Mississippi State,Mississippi State,Davis Wade Stadium at Scott Field,Starkville,MS,61337,62945,1914,2014,Prescription Athletic Turf (Tifway 419 Bermuda Grass),SEC,61.337,100,Mississippi State,Mississippi State,MS,57,56,SEC,100,Mississippi State,Mississippi State,100062237,86351432,0,31,0,SEC,100,Mississippi State,Mississippi State
66,Missouri,SEC,Barry Odom,2350000,2350000,1025000,375000,"$1,912,500 ",38t,8,5,0,13,0.61538,100,Missouri,Missouri,Faurot Field at Memorial Stadium,Columbia,MO,71168,75298,1927,2014,FieldTurf,SEC,71.168,100,Missouri,Missouri,,,,,,,,97848195,102409131,1015000,32,1.04,SEC,100,Missouri,Missouri
67,Navy,AAC,Ken Niumatalolo,2163000,2163000,--,--,--,26t,9,4,0,13,0.69231,100,Navy,Navy,,,,,,,,,,,,,,,,,,,,,,,,,,,,,
68,Nebraska,Big Ten,Scott Frost,5000000,5000000,950000,--,"$25,416,667 ",34t,9,5,0,14,0.64286,100,Nebraska,Nebraska,Memorial Stadium Tom Osborne Field,Lincoln,NE,86047,91585,1923,2017 ,FieldTurf,Big Ten,86.047,100,Nebraska,Nebraska,,,,,,,,120205090,112571632,0,23,0,Big Ten,100,Nebraska,Nebraska
69,Nevada,Mt. West,Jay Norvell,500000,500000,210000,0,"$900,000 ",,,,,,,,,,,,,,,,,,,,,,,,,,,,,,36955558,38982774,12477955,78,33.76,Mt. West,100,Nevada,Nevada
70,Nevada-Las Vegas,Mt. West,Tony Sanchez,600000,600000,260000,0,"$950,000 ",107t,2,10,0,12,0.16667,100,Nevada-Las Vegas,Nevada-Las Vegas,,,,,,,,,,,,,,NV,46,39,Mt. West,91,Nevada-Las Vegas,"Nevada, Las Vegas",47327478,47476606,21622440,65,45.69,Mt. West,100,Nevada-Las Vegas,Nevada-Las Vegas
71,New Mexico,Mt. West,Bob Davie,822690,823740,340000,0,"$1,303,294 ",69t,6,7,0,13,0.46154,100,New Mexico,New Mexico,,,,,,,,,,,,,,NM,49,39,Mt. West,100,New Mexico,New Mexico,44421019,44356217,11694978,70,26.33,Mt. West,100,New Mexico,New Mexico
72,New Mexico State,Ind.,Doug Martin,419640,419640,220000,20000,"$1,532,790 ",81t,4,8,0,12,0.33333,100,New Mexico State,New Mexico State,,,,,,,,,,,,,,,,,,,,,,,,,,,,,
73,North Carolina,ACC,Larry Fedora,2575000,2575000,900000,50000,"$12,215,625 ",98t,3,9,0,12,0.25,100,North Carolina,North Carolina,Kenan Memorial Stadium,Chapel Hill,NC,51000,62000,1927,2011,Grass,ACC,51,100,North Carolina,North Carolina,,,,,,,,96551626,96540823,8785137,35,9.1,ACC,100,North Carolina,North Carolina
74,North Carolina State,ACC,Dave Doeren,3000000,3000000,1350000,275000,"$6,125,000 ",98t,3,9,0,12,0.25,100,North Carolina State,North Carolina State,,,,,,,,,,,,,,NC,57,41,ACC,100,North Carolina State,North Carolina State,83741572,86924779,6551791,47,7.82,ACC,100,North Carolina State,North Carolina State
75,North Texas,C-USA,Seth Littrell,1425000,1425000,580000,130000,"$4,425,000 ",98t,3,9,0,12,0.25,100,North Texas,North Texas,Apogee Stadium,Denton,TX,30850,28075,2011,,PowerBlade Artificial Turf,C-USA,30.85,100,North Texas,North Texas,,,,,,,,32150203,36363381,21398461,94,66.56,C-USA,100,North Texas,North Texas
76,Northern Illinois,MAC,Rod Carey,633460,633460,205000,42500,"$1,822,918 ",50t,7,6,0,13,0.53846,100,Northern Illinois,Northern Illinois,,,,,,,,,,,,,,IL,61,53,MAC,100,Northern Illinois,Northern Illinois,25795597,25661395,16816199,121,65.19,MAC,100,Northern Illinois,Northern Illinois
77,Northwestern,Big Ten,Pat Fitzgerald,3619775,3619775,--,--,--,81t,4,8,0,12,0.33333,100,Northwestern,Northwestern,Ryan Field,Evanston,IL,47130,55752,1926,1997,Grass,Big Ten,47.13,100,Northwestern,Northwestern,IL,91,79,Big Ten,100,Northwestern,Northwestern,,,,,,,,,
78,Notre Dame,Ind.,Brian Kelly,2129638,2129638,--,--,--,17t,10,3,0,13,0.76923,100,Notre Dame,Notre Dame,,,,,,,,,,,,,,IN,95,84,Ind.,100,Notre Dame,Notre Dame,,,,,,,,,
79,Ohio,MAC,Frank Solich,580331,580331,333833,60772,"$558,275 ",34t,9,5,0,14,0.64286,100,Ohio,Ohio,Peden Stadium,Athens,OH,24000,25893,1929,2001,FieldTurf,MAC,24,100,Ohio,Ohio,OH,76,68,MAC,100,Ohio,Ohio,32234688,32621410,20090007,93,62.32,MAC,100,Ohio,Ohio
80,Ohio State,Big Ten,Urban Meyer,7600000,7600000,775000,350000,"$38,058,402 ",3t,12,1,0,13,0.92308,100,Ohio State,Ohio State,Ohio Stadium,Columbus,OH,102082,110045,1922,2014,FieldTurf,Big Ten,102.082,100,Ohio State,Ohio State,OH,55,49,Big Ten,83,Ohio State,The Ohio State,185409602,173507435,0,3,0,Big Ten,100,Ohio State,Ohio State
81,Oklahoma,Big 12,Lincoln Riley,4800000,4800000,700000,180000,"$20,833,333 ",14t,11,3,0,14,0.78571,100,Oklahoma,Oklahoma,Gaylord Family – Oklahoma Memorial Stadium at Owen Field,Norman,OK,86112,88308,1925,2016,Grass,Big 12,86.112,100,Oklahoma,Oklahoma,OK,52,44,Big 12,100,Oklahoma,Oklahoma,155238481,132910780,0,7,0,Big 12,100,Oklahoma,Oklahoma
82,Oklahoma State,Big 12,Mike Gundy,5000000,5000000,900000,62500,"$16,250,000 ",50t,7,6,0,13,0.53846,100,Oklahoma State,Oklahoma State,Boone Pickens Stadium,Stillwater,OK,60218,60218,1919,2005,Astroturf 3D Decade,Big 12,60.218,100,Oklahoma State,Oklahoma State,OK,65,67,Big 12,100,Oklahoma State,Oklahoma State,91644865,89833094,3673085,40,4.01,Big 12,100,Oklahoma State,Oklahoma State
83,Old Dominion,C-USA,Bobby Wilder,654667,654667,504895,0,"$1,200,000 ",,,,,,,,,,Foreman Field at S. B. Ballard Stadium,Norfolk,VA,20118,20118,1936,2009,AstroTurf GameDay Grass 3D,C-USA,20.118,100,Old Dominion,Old Dominion,,,,,,,,46203813,46181753,28681512,67,62.08,C-USA,100,Old Dominion,Old Dominion
84,Oregon,Pac-12,Mario Cristobal,2500000,2500000,1825000,--,"$5,208,333 ",50t,7,6,0,13,0.53846,100,Oregon,Oregon,Autzen Stadium,Eugene,OR,54000,60055,1967,2002,FieldTurf,Pac-12,54,100,Oregon,Oregon,OR,59,52,Pac-12,100,Oregon,Oregon,145417315,119945650,271222,12,0.19,Pac-12,100,Oregon,Oregon
85,Oregon State,Pac-12,Jonathan Smith,1900008,1900008,1275000,--,"$4,037,517 ",22t,10,4,0,14,0.71429,100,Oregon State,Oregon State,Reser Stadium,Corvallis,OR,45674,46469,1953,2005,FieldTurf,Pac-12,45.674,100,Oregon State,Oregon State,OR,60,58,Pac-12,100,Oregon State,Oregon State,78959875,82730626,7126768,52,9.03,Pac-12,100,Oregon State,Oregon State
86,Penn State,Big Ten,James Franklin,4800000,4800000,1000000,300000,"$18,375,000 ",26t,9,4,0,13,0.69231,100,Penn State,Penn State,Beaver Stadium,University Park,PA,106572,110889,1960,2001,Grass,Big Ten,106.572,100,Penn State,Penn State,,,,,,,,144017055,138724055,0,14,0,Big Ten,100,Penn State,Penn State
87,Pittsburgh,ACC,Pat Narduzzi,3017718,3017718,--,--,--,60t,6,6,0,12,0.5,100,Pittsburgh,Pittsburgh,Heinz Field,Pittsburgh,PA,68400,69983,2001,,Grass,ACC,68.4,100,Pittsburgh,Pittsburgh,,,,,,,,,,,,,,,,
88,Purdue,Big Ten,Jeff Brohm,3800000,3800000,1290000,180000,"$21,516,667 ",49,8,6,0,14,0.57143,100,Purdue,Purdue,Ross–Ade Stadium,West Lafayette,IN,57236,71629,1924,2006,Grass,Big Ten,57.236,100,Purdue,Purdue,IN,68,56,Big Ten,100,Purdue,Purdue,84841133,85709495,0,46,0,Big Ten,100,Purdue,Purdue
89,Rutgers,Big Ten,Chris Ash,2200000,2200000,960000,50000,"$10,350,000 ",6t,11,2,0,13,0.84615,100,Rutgers,Rutgers,HighPoint.com Stadium,Piscataway,NJ,52454,53774,1994,2009,FieldTurf,Big Ten,52.454,100,Rutgers,Rutgers,,,,,,,,96883027,99193280,33087478,34,34.15,Big Ten,100,Rutgers,Rutgers
90,San Diego State,Mt. West,Rocky Long,872576,873576,720000,95000,"$447,412 ",98t,3,9,0,12,0.25,100,San Diego State,San Diego State,,,,,,,,,,,,,,CA,76,67,Mt. West,100,San Diego State,San Diego State,52454787,51569852,24322966,58,46.37,Mt. West,100,San Diego State,San Diego State
91,San Jose State,Mt. West,Brent Brennan,590424,590424,210000,0,"$1,476,060 ",26t,9,4,0,13,0.69231,100,San Jose State,San Jose State,,,,,,,,,,,,,,,,,,,,,31252553,30676330,21011051,98,67.23,Mt. West,100,San Jose State,San Jose State
92,South Alabama,Sun Belt,Steve Campbell,600000,600000,295000,--,"$918,333 ",,,,,,,,,,Ladd–Peebles Stadium,Mobile,AL,40000,38129,1948,2009,FieldTurf,Sun Belt,40,100,South Alabama,South Alabama,,,,,,,,30693877,27949252,20664956,99,67.33,Sun Belt,100,South Alabama,South Alabama
93,South Carolina,SEC,Will Muschamp,4200000,4200000,1400000,100000,"$18,650,000 ",38t,8,5,0,13,0.61538,100,South Carolina,South Carolina,Williams-Brice Stadium,Columbia,SC,80250,85199,1934,1996,Grass,SEC,80.25,100,South Carolina,South Carolina,,,,,,,,136032845,129317382,0,16,0,SEC,100,South Carolina,South Carolina
94,South Florida,AAC,Charlie Strong,1000000,1000000,815000,70000,"$192,308 ",26t,9,4,0,13,0.69231,100,South Florida,South Florida,,,,,,,,,,,,,,FL,66,61,AAC,100,South Florida,South Florida,49960338,48227500,21503730,59,43.04,AAC,100,South Florida,South Florida
95,Southern California,Pac-12,Clay Helton,2625965,2625965,--,--,--,,,,,,,,,,Los Angeles Memorial Coliseum,Los Angeles,CA,77500,105236,1923,2008,Grass,Pac-12,77.5,100,Southern California,Southern California,CA,55,52,Pac-12,100,Southern California,Southern California,,,,,,,,,
96,Southern Mississippi,C-USA,Jay Hopson,500000,500000,870000,15000,"$1,583,333 ",,,,,,,,,,,,,,,,,,,,,,,MS,78,73,C-USA,85,Southern Mississippi,The of Southern Mississippi,23984639,25251618,8832604,126,36.83,C-USA,100,Southern Mississippi,Southern Mississippi
97,Stanford,Pac-12,David Shaw,4311543,4311543,--,--,--,113t,1,11,0,12,0.08333,100,Stanford,Stanford,Stanford Stadium,Stanford,CA,50424,51607,2006,,Grass,Pac-12,50.424,100,Stanford,Stanford,CA,94,91,Pac-12,100,Stanford,Stanford,,,,,,,,,
98,Syracuse,ACC,Dino Babers,2401206,2401206,--,--,--,81t,4,8,0,12,0.33333,100,Syracuse,Syracuse,Carrier Dome,Syracuse,NY,49250,50564,1980,2022,FieldTurf,ACC,49.25,100,Syracuse,Syracuse,,,,,,,,,,,,,,,,
99,Tennessee,SEC,Jeremy Pruitt,3846000,3846000,1200000,--,"$11,780,000 ",26t,9,4,0,13,0.69231,100,Tennessee,Tennessee,Neyland Stadium,Knoxville,TN,102455,109061,1921,2010,Grass,SEC,102.455,100,Tennessee,Tennessee,,,,,,,,145653191,134880229,0,11,0,SEC,100,Tennessee,Tennessee
100,Texas,Big 12,Tom Herman,5500000,5500000,725000,75000,"$15,416,667 ",17t,10,3,0,13,0.76923,100,Texas,Texas,Darrell K Royal–Texas Memorial Stadium,Austin,TX,100119,103507,1924,2009,FieldTurf,Big 12,100.119,100,Texas,Texas,,,,,,,,214830647,207022323,0,1,0,Big 12,100,Texas,Texas
101,Texas A&M,SEC,Jimbo Fisher,7500000,7500000,1350000,--,"$68,125,000 ",26t,9,4,0,13,0.69231,100,Texas A&M,Texas A&M,Kyle Field,College Station,TX,102733,110633,1904,2015,Grass,SEC,102.733,100,Texas A&M,Texas A&M,,,,,,,,211960034,146546229,0,2,0,SEC,100,Texas A&M,Texas A&M
102,Texas Christian,Big 12,Gary Patterson,4840717,4840717,--,--,--,6t,11,2,0,13,0.84615,100,Texas Christian,Texas Christian,,,,,,,,,,,,,,,,,,,,,,,,,,,,,
103,Texas State,Sun Belt,Everett Withers,700000,700000,70833,0,"$773,958 ",,,,,,,,,,Jim Wacker Field at Bobcat Stadium,San Marcos,TX,30000,33006,1981,2012,FieldTurf Duraspine Pro,Sun Belt,30,100,Texas State,Texas State,,,,,,,,38445832,35915260,27787153,75,72.28,Sun Belt,100,Texas State,Texas State
104,Texas Tech,Big 12,Kliff Kingsbury,3703975,3703975,1500000,25000,"$4,231,250 ",38t,8,5,0,13,0.61538,100,Texas Tech,Texas Tech,Jones AT&T Stadium,Lubbock,TX,60862,61836,1947,2013,FieldTurf,Big 12,60.862,100,Texas Tech,Texas Tech,TX,73,63,Big 12,100,Texas Tech,Texas Tech,88804476,86984083,5799878,43,6.53,Big 12,100,Texas Tech,Texas Tech
105,Texas-El Paso,C-USA,Dana Dimel,700000,700000,741665,--,"$2,991,667 ",72t,5,7,0,12,0.41667,100,Texas-El Paso,Texas-El Paso,,,,,,,,,,,,,,TX,44,37,C-USA,83,Texas-El Paso,Texas at El Paso,31781343,32039189,18486004,95,58.17,C-USA,100,Texas-El Paso,Texas-El Paso
106,Texas-San Antonio,C-USA,Frank Wilson,1100000,1100000,185000,17500,"$3,562,500 ",,,,,,,,,,,,,,,,,,,,,,,,,,,,,,28772631,30104385,17385928,107,60.43,C-USA,100,Texas-San Antonio,Texas-San Antonio
107,Toledo,MAC,Jason Candle,1125000,1125000,585000,210000,"$3,558,333 ",72t,5,7,0,12,0.41667,100,Toledo,Toledo,Glass Bowl,Toledo,OH,26248,36852,1937,1990,FieldTurf,MAC,26.248,100,Toledo,Toledo,OH,68,63,MAC,100,Toledo,Toledo,32925921,32925921,21073807,90,64,MAC,100,Toledo,Toledo
108,Troy,Sun Belt,Neal Brown,810000,810000,490000,100000,"$2,911,667 ",38t,8,5,0,13,0.61538,100,Troy,Troy,Veterans Memorial Stadium at Larry Blakeney Field,Troy,AL,30402,29013,1950,2003,ProGrass,Sun Belt,30.402,100,Troy,Troy,AL,77,52,Sun Belt,100,Troy,Troy,29962107,29962107,21711635,102,72.46,Sun Belt,100,Troy,Troy
109,Tulane,AAC,Willie Fritz,1629000,1629000,--,--,--,81t,4,8,0,12,0.33333,100,Tulane,Tulane,,,,,,,,,,,,,,,,,,,,,,,,,,,,,
110,Tulsa,AAC,Philip Montgomery,1518177,1518177,--,--,--,38t,8,5,0,13,0.61538,100,Tulsa,Tulsa,,,,,,,,,,,,,,,,,,,,,,,,,,,,,
111,UCLA,Pac-12,Chip Kelly,3300000,3300000,1085000,--,"$9,000,000 ",50t,7,6,0,13,0.53846,100,UCLA,UCLA,Rose Bowl Stadium,Pasadena,CA,90888,106869,1921,1949,Grass,Pac-12,90.888,100,UCLA,UCLA,,,,,,,,104106646,104106646,2708118,29,2.6,Pac-12,100,UCLA,UCLA
112,Utah,Pac-12,Kyle Whittingham,3787917,3787917,935000,279167,"$9,250,000 ",38t,8,5,0,13,0.61538,100,Utah,Utah,Rice-Eccles Stadium,Salt Lake City,UT,45807,46768,1998,1998,FieldTurf CoolPlay,Pac-12,45.807,100,Utah,Utah,,,,,,,,83672639,81620307,12421715,48,14.85,Pac-12,100,Utah,Utah
113,Utah State,Mt. West,Matt Wells,900000,900000,765000,65000,"$2,122,917 ",113t,1,11,0,12,0.08333,100,Utah State,Utah State,,,,,,,,,,,,,,,,,,,,,34398296,34213406,18911117,85,54.98,Mt. West,100,Utah State,Utah State
114,Vanderbilt,SEC,Derek Mason,2812523,2812523,--,--,--,81t,4,8,0,12,0.33333,100,Vanderbilt,Vanderbilt,Vanderbilt Stadium,Nashville,TN,40350,41448,1922,2012,Shaw Sports Legion 46,SEC,40.35,100,Vanderbilt,Vanderbilt,TN,92,86,SEC,100,Vanderbilt,Vanderbilt,,,,,,,,,
115,Virginia,ACC,Bronco Mendenhall,3550000,3550000,2165000,75000,"$18,193,750 ",72t,5,7,0,12,0.41667,100,Virginia,Virginia,Carl Smith Center Home of David A. Harrison III Field at Scott Stadium,Charlottesville,VA,61500,64947,1931,2000,Grass,ACC,61.5,100,Virginia,Virginia,VA,63,60,ACC,100,Virginia,Virginia,92865175,100324517,13942471,39,15.01,ACC,100,Virginia,Virginia
116,Virginia Tech,ACC,Justin Fuente,4000000,4000000,435000,75000,"$15,000,000 ",17t,10,3,0,13,0.76923,100,Virginia Tech,Virginia Tech,Lane Stadium/Worsham Field,Blacksburg,VA,66233,66233,1965,2005,Grass,ACC,66.233,100,Virginia Tech,Virginia Tech,,,,,,,,87427526,90716423,8888537,44,10.17,ACC,100,Virginia Tech,Virginia Tech
117,Wake Forest,ACC,Dave Clawson,1831580,1831580,--,--,--,14t,11,3,0,14,0.78571,100,Wake Forest,Wake Forest,BB&T Field,Winston-Salem,NC,31500,37623,1968,2007,FieldTurf,ACC,31.5,100,Wake Forest,Wake Forest,NC,93,86,ACC,100,Wake Forest,Wake Forest,,,,,,,,,
118,Washington,Pac-12,Chris Petersen,4375000,4377500,1050000,300000,"$26,354,166 ",72t,5,7,0,12,0.41667,100,Washington,Washington,Alaska Airlines Field at Husky Stadium,Seattle,WA,70500,76125,1920,2013,FieldTurf,Pac-12,70.5,100,Washington,Washington,WA,66,59,Pac-12,100,Washington,Washington,128745183,123503513,3742614,20,2.91,Pac-12,100,Washington,Washington
119,Washington State,Pac-12,Mike Leach,3500000,3500000,725000,75000,"$4,900,000 ",60t,6,6,0,12,0.5,100,Washington State,Washington State,Martin Stadium,Pullman,WA,32248,40306,1972,2000,FieldTurf,Pac-12,32.248,100,Washington State,Washington State,WA,57,62,Pac-12,100,Washington State,Washington State,64294520,71801820,5263059,53,8.19,Pac-12,100,Washington State,Washington State
120,West Virginia,Big 12,Dana Holgorsen,3605000,3617500,1000000,90000,"$7,150,000 ",6t,11,2,0,13,0.84615,100,West Virginia,West Virginia,Mountaineer Field at Milan Puskar Stadium,Morgantown,WV,60000,70222,1980,2004,FieldTurf,Big 12,60,100,West Virginia,West Virginia,,,,,,,,110565870,89196193,4167480,27,3.77,Big 12,100,West Virginia,West Virginia
121,Western Kentucky,C-USA,Mike Sanford Jr.,800000,805850,400000,0,"$1,200,000 ",,,,,,,,,,Houchens Industries–L. T. Smith Stadium at Jimmy Feix Field,Bowling Green,KY,22113,23252,1968,2008,FieldTurf,C-USA,22.113,100,Western Kentucky,Western Kentucky,,,,,,,,30439066,30439067,16853917,100,55.37,C-USA,100,Western Kentucky,Western Kentucky
122,Western Michigan,MAC,Tim Lester,800000,800000,346500,39250,"$800,000 ",38t,8,5,0,13,0.61538,100,Western Michigan,Western Michigan,Waldo Stadium,Kalamazoo,MI,30200,36361,1939,2003,FieldTurf,MAC,30.2,100,Western Michigan,Western Michigan,MI,70,69,MAC,100,Western Michigan,Western Michigan,38516531,38271134,24349702,74,63.22,MAC,100,Western Michigan,Western Michigan
123,Wisconsin,Big Ten,Paul Chryst,3750000,3750000,--,290000,"$6,000,000 ",3t,12,1,0,13,0.92308,100,Wisconsin,Wisconsin,Camp Randall Stadium,Madison,WI,80321,83184,1917,2005,FieldTurf,Big Ten,80.321,100,Wisconsin,Wisconsin,,,,,,,,143420668,142930591,2843000,15,1.98,Big Ten,100,Wisconsin,Wisconsin
124,Wyoming,Mt. West,Craig Bohl,1412000,1412000,450000,236000,"$8,016,667 ",60t,6,6,0,12,0.5,100,Wyoming,Wyoming,,,,,,,,,,,,,,WY,73,42,Mt. West,100,Wyoming,Wyoming,40372222,38669544,18452045,72,45.7,Mt. West,100,Wyoming,Wyoming
